Autoencoder_1,Autoencoder_2
1.0,0.9999999999999836
0.9999999999999991,0.9999999999998421
0.9999999999999929,0.9999999999999536
0.999999999999998,0.9999999999972156
0.9999999999999916,0.9999999999999172
0.9999999999999987,0.9999999999856752
0.9999999999999503,0.9999999999982307
0.9999999999999756,0.9999999999789433
0.9999999999999476,0.9999999999977556
0.9999999999999918,0.9999999999967359
0.9999999999996065,0.9999999999984086
0.9999999999998141,0.9999999999772191
0.9999999999999569,0.9999999999970377
0.9999999999998146,0.9999999999764266
0.9999999999999059,0.9999999999462752
0.999999999999998,0.9999999999979534
0.9999999999995597,0.9999999999901374
0.9999999999999989,0.9999999999924585
0.999999999999805,0.9999999999611744
0.9999999999965825,0.9999999999996769
0.9999999999999503,0.9999999999631624
0.9999999999968217,0.9999999999991802
0.9999999999997136,0.9999999999555838
0.9999999999997446,0.9999999999962292
0.999999999998537,0.9999999999912241
0.9999999999999978,0.999999999996777
0.9999999999998748,0.9999999999832407
0.999999999999996,0.9999999999735185
0.9999999999981086,0.9999999999950215
0.9999999999999885,0.9999999998108065
0.9999999999995488,0.9999999999990263
0.9999999999992659,0.9999999999759461
0.9999999999991189,0.999999999990989
0.9999999999796798,0.9999999999995177
0.9999999999997518,0.999999999955099
0.9999999999874325,0.9999999999990679
0.9999999999996589,0.9999999999984932
0.9999999999999423,0.9999999999546851
0.9999999999925011,0.9999999999999618
0.9999999999679037,0.9999999999999123
0.9999999999897431,0.9999999999978846
0.999999999998384,0.9999999999919615
0.9999999999556375,0.9999999999999183
0.9999999999998093,0.9999999999500533
0.9999999999940328,0.9999999999998703
0.9999999999941958,0.9999999997932558
0.9999999999979956,0.9999999999919584
0.9999999998882956,0.9999999999989242
0.9999999999882778,0.9999999999997515
0.9999999999025471,0.9999999999999769
0.9999999998732358,0.9999999999980929
0.9999999998298565,0.9999999999996609
0.9999999999998603,0.9999999999839837
0.9999999999974869,0.9999999999926075
0.9999999998620386,0.9999999999997609
0.9999999998974922,0.9999999999998763
0.9999999999999576,0.9999999999356552
0.9999999999955791,0.9999999999994058
0.9999999998035973,0.9999999999956719
0.9999999996575264,0.9999999999999958
0.9999999999739011,0.9999999999970877
0.999999999999996,0.9999999038471773
0.9999999999960867,0.9999999999958731
0.9999999999948321,0.9999999998704538
0.9999999999986777,0.9999999999952367
0.9999999915823611,0.9999999999999674
0.9999999999821383,0.9999999999981941
0.9999999999882463,0.9999999999970217
0.9999999998436999,0.9999999999963065
0.9999999999880251,0.9999999999935061
0.9999999999702716,0.9999999999997762
0.9999999999803926,0.9999999999955229
0.9999999999853286,0.9999999999973574
0.9999999998590163,0.9999999999999503
0.9999999999115976,0.9999999999989675
0.9999999999795441,0.9999999999670162
0.9999999912069407,0.9999999999999845
0.9999999942949376,0.9999999999999809
0.9999999999377822,0.9999999999987217
0.9999999998056144,0.9999999999879303
0.999999999978048,0.9999999999969142
0.9999999971374871,0.999999999999843
0.9999999993087256,0.9999999999990425
0.9999999997357079,0.9999999999985578
0.9999999990569459,0.9999999999996163
0.9999999946945726,0.999999999999891
0.9999999998976521,0.9999999999988258
0.9999999999815019,0.999999999999426
0.9999999966114008,0.9999999999977804
0.9999999974288021,0.9999999999991804
0.9999999864167535,0.9999999999998448
0.9999999997232145,0.9999999999971774
0.9999999973798057,0.9999999999999185
0.9999999973766025,0.99999999999998
0.9999999916359893,0.9999999999999887
0.9999999784059765,0.9999999999999873
0.9999999998095879,0.9999999999923228
0.9999999969738935,0.9999999999991236
0.9999999998621187,0.9999999999666944
0.9999999986001804,0.9999999999988827
0.999999990751571,0.9999999999994489
0.9999998890373499,0.999999999999994
0.9999999363872858,0.9999999999999969
0.9999999998879026,0.9999999999911242
0.9999999355743142,0.9999999999985356
0.9999999873399151,0.9999999999999709
0.9999999960862567,0.9999999999999041
0.9999996762169863,0.9999999999999942
0.99999998045896,0.9999999999999167
0.9999999998005884,0.999999999993217
0.9999999987113435,0.9999999999290103
0.9999999864768228,0.9999999999994107
0.999999994018691,0.9999999999973219
0.9999999980129113,0.9999999999972684
0.9999997478877337,0.9999999999998739
0.9999999791490972,0.9999999999988205
0.9999999404812436,0.9999999999999629
0.9999999919162555,0.9999999999999865
0.9999999915552759,0.9999999999963975
0.9999999199276663,0.9999999999998721
0.999999994740765,0.9999999999983062
0.9999999999074225,0.9999999999472167
0.9999994408148034,0.9999999999999254
0.9999998365537436,0.9999999999999565
0.9999999114593215,0.9999999999997833
0.9999998613429227,0.999999999999825
0.9999999961837545,0.9999999999566325
0.9999999939384288,0.9999999999946081
0.9999999998229951,0.9999999998848779
0.9999995404098067,0.9999999999999944
0.9999995686471803,0.9999999999999816
0.9999995075332553,0.9999999999999882
0.9999997695413247,0.9999999999999527
0.9999970661536418,0.9999999999999605
0.9999999976401086,0.9999999999972597
0.9999996724466829,0.999999999999851
0.999996306540227,0.9999999999999969
0.9999974500700053,0.9999999999999984
0.9999992638402225,0.9999999999997313
0.999999884208281,0.9999999999995335
0.9999995414172806,0.9999999999999887
0.9999992637089287,0.9999999999998381
0.9999965755393742,0.9999999999999996
0.9999993168243222,0.9999999999999907
0.9999999957681294,0.9999999999956692
0.9999999570147365,0.9999999999983817
0.9999999922918791,0.9999999999468177
0.9999993016553143,0.9999999999999738
0.9999999280379158,0.9999999999862743
0.9999991686451716,0.9999999999998905
0.9999997687604316,0.9999999999999218
0.9999842607341921,0.9999999999999876
0.9999999140795586,0.9999999999993843
0.9999995142987964,0.9999999999999138
0.9999987926422209,0.9999999999999769
0.9999982410041582,0.9999999999999558
0.9999875470860232,0.9999999999999869
0.9999987082954741,0.999999999999992
0.9999996427350819,0.9999999999980083
0.9999997509903751,0.9999999999964291
0.9999786048825178,0.9999999999999971
0.9999998949656307,0.9999999999983296
0.9999992245779181,0.9999999999987754
0.9999983880860114,0.9999999999999836
0.9999792290515824,0.9999999999999927
0.999999992481223,0.9999999998536897
0.999991158552217,0.9999999999999736
0.9998103132249387,0.9999999999999984
0.9999958112256363,0.9999999999998681
0.9998798836194707,0.9999999999999953
0.9999821416331222,0.9999999999998668
0.9998386047120388,0.9999999999999998
0.9999821465984752,0.9999999999998535
0.9999971758721141,0.9999999999996521
0.9999936993206918,0.9999999999998752
0.9999253939377856,0.9999999999999549
0.9999970889963751,0.9999999999999749
0.999999998939503,0.9999999997922693
0.9999782212162215,0.9999999999999782
0.9999989608105017,0.9999999999999063
0.9998956687675928,0.9999999999999603
0.9999999896875645,0.9999999999613827
0.9999779495357288,0.9999999999999793
0.9999986774568456,0.9999999999999702
0.9999988490131302,0.9999999999998677
0.9999997678898561,0.9999999999467937
0.9996316161159143,0.9999999999999933
0.9999867156851944,0.9999999999998412
0.9998658556583396,0.9999999999999867
0.9999997659273712,0.9999999999965719
0.9999776874392443,0.9999999999996376
0.9999525677173752,0.9999999999999913
0.9999835086385881,0.9999999999999714
0.9999999995102751,0.9999999971071736
0.9999764949786333,0.9999999999999551
0.9999730617683805,0.999999999999907
0.9999908406994944,0.9999999999990346
0.9999973414180714,0.9999999999997102
0.9995288734199937,0.9999999999999807
0.9999996459429715,0.9999999999943392
0.9999510173705992,0.9999999999998841
0.9999866292763663,0.9999999999999682
0.9998694008468775,0.9999999999999947
0.9998373605538945,0.9999999999999971
0.9998679245926395,0.9999999999999956
0.9994309111943477,0.9999999999999984
0.9999960282021737,0.9999999999994127
0.9998494537128249,0.9999999999999969
0.999779692211065,0.999999999999978
0.9999984026348373,0.999999999999182
0.9989875647483033,0.9999999999999956
0.997894931694779,0.9999999999999925
0.9986581004491926,0.9999999999999973
0.9964426470933749,0.9999999999999993
0.9988940995855772,0.9999999999999996
0.9907663913048225,0.9999999999999927
0.9998653406760848,0.9999999999999261
0.9999515476850745,0.9999999999998281
0.9827177121364168,0.9999999999999989
0.998309006898992,0.9999999999999942
0.9995904281199853,0.999999999999865
0.9976628090938824,0.9999999999999933
0.9993262795288992,0.9999999999999765
0.9999924610350329,0.999999999997637
0.9999812788350113,0.9999999999993625
0.9945255776131726,0.9999999999999949
0.999705160473687,0.9999999999999787
0.9996721095869043,0.9999999999999256
0.9937582810905459,0.9999999999999971
0.992430599973787,0.9999999999999971
0.9828728559769547,0.9999999999999765
0.9999149298693724,0.9999999999939084
0.9914455739739833,0.9999999999999993
0.9937564948130394,0.9999999999999585
0.9996657757864832,0.9999999999998668
0.9794915743935273,0.999999999999998
0.9989161947238997,0.999999999999974
0.9872508016432249,0.9999999999999989
0.9900906368566248,0.9999999999999758
0.9984614893479227,0.9999999999999938
0.9995370505960272,0.9999999999999027
0.9982668758993956,0.999999999999788
0.9522592620936767,0.9999999999999989
0.9878369296743527,0.9999999999999916
0.9892309339404443,0.9999999999999964
0.9955147987363787,0.9999999999998765
0.9882289186239093,0.9999999999999942
0.8363128585808475,0.9999999999999996
0.9808368752281647,0.9999999999999927
0.9997742093392198,0.9999999999999756
0.9997777706814144,0.9999999999998745
0.9902079805295391,0.9999999999998801
0.998204617986482,0.9999999999999256
0.9396021491442388,0.9999999999999989
0.5435963635612876,0.9999999999999998
0.954968595852014,0.9999999999999929
0.9982846135386673,0.9999999999999905
0.4810339115102353,0.9999999999999998
0.9915192718104816,0.9999999999999987
0.998065958409103,0.9999999999997491
0.21089689028389053,1.0
0.9865124906249579,0.9999999999997546
0.9112560922628336,0.9999999999999669
0.9142389611211623,0.9999999999999953
0.8568447906904227,0.9999999999999998
0.7016334763140196,0.9999999999999882
0.25548406977557847,1.0
0.9837359451895,0.9999999999998197
0.9401849255004517,0.9999999999999905
0.9898751283777691,0.9999999999998812
0.9709688780038893,0.9999999999999969
0.6391310753777402,0.9999999999999982
0.5567287413955351,1.0
0.7727303647634436,0.9999999999999991
0.8830526816588361,0.999999999999986
0.9559039891899012,0.9999999999999298
0.7941955414467018,0.9999999999999973
0.16723039715034055,1.0
0.9892079759564539,0.9999999999998961
0.9857808644043945,0.9999999999999956
0.7431633087407141,0.9999999999999893
0.5178418364203824,0.9999999999999998
0.9848905158634969,0.9999999999999867
0.8603532090698877,0.9999999999999978
0.6669520497294754,0.999999999999998
0.04391842549439402,1.0
0.5107198637400907,0.9999999999999978
0.8523414143805987,0.9999999999999916
0.2375246350958815,0.9999999999999962
0.6248997121385798,0.9999999999999982
0.2512906388876085,1.0
0.9404070645954358,0.9999999999999787
0.6111741116721583,0.999999999999998
0.3920803259037557,0.9999999999999964
0.9456228096157739,0.999999999999946
0.9512550448942888,0.9999999999999014
0.14229229148764994,0.9999999999999984
0.9456042063925443,0.9999999999999991
0.559855966657024,0.9999999999999962
0.21467823400758126,0.9999999999999969
0.12381867562657263,0.999999999999996
0.052740271437072626,0.9999999999999978
0.23275965249849945,0.9999999999999909
0.2679769882063751,0.9999999999999811
0.5554644823705142,0.999999999999998
0.016762614944442367,1.0
0.03063710744452713,0.9999999999999996
0.04209817012263739,0.9999999999999998
0.0012184420858632964,1.0
0.09135978532128884,0.9999999999999998
0.3090802216902597,0.9999999999999998
0.0016992332074484418,0.9999999999999998
0.19417931410015177,0.9999999999999729
0.3360962483145764,0.999999999999986
0.6363196567725619,0.9999999999999702
0.013235310699443652,1.0
0.002658538812895161,0.9999999999999996
0.0006360036078391624,0.9999999999999989
0.587746084009965,0.9999999999999367
0.009436539878585398,1.0
0.0435464557366297,0.9999999999999998
0.42591528448615484,0.9999999999999969
0.0019948717611510854,1.0
0.0012478833461337612,1.0
0.01587114911342223,0.9999999999999982
0.048480905912024676,1.0
0.05780249085371108,0.9999999999999942
0.0031927253205036605,0.9999999999999996
0.009654601404782788,0.9999999999999971
0.008196973635611955,0.999999999999998
0.007252100642304392,0.9999999999999993
0.01330427887178736,0.9999999999999991
0.011310301400340431,0.9999999999999996
0.005024174279616361,1.0
0.0071840972507312036,0.9999999999999998
0.013965427921648241,0.9999999999999962
0.007176188810430006,0.9999999999999996
0.12578644404906777,0.9999999999999887
0.16053943645586727,0.9999999999999929
0.0026839039639424485,0.9999999999999998
0.12572070338628374,0.9999999999999694
0.0019587511291255426,1.0
0.3595929629589458,0.9999999999998055
0.0005619054141983538,1.0
0.0012380977022883085,1.0
0.2505568523784047,0.9999999999999045
0.0005768386405675532,1.0
0.00021856545375954333,1.0
0.0004013883585485878,1.0
3.7799304164285665e-05,1.0
0.0055641168448896045,0.9999999999999998
0.0006104519257432844,0.9999999999999993
2.556105068297575e-05,1.0
0.003345955530692454,0.9999999999999998
0.0015344241983839392,1.0
3.34223684543121e-05,1.0
0.0008171817805494375,0.9999999999999998
0.009340358170472688,0.9999999999999802
0.0005608462638497334,1.0
0.00048397056855769964,1.0
4.3661067823830015e-05,1.0
0.0019381697855525052,0.9999999999999989
6.143161168810235e-05,1.0
0.00046947192611887425,1.0
2.775361354214491e-05,1.0
8.867702255503028e-05,1.0
0.0005699944373985124,0.9999999999999911
0.0003673281700843627,0.9999999999999998
3.651401704431125e-05,1.0
0.00024930467180509473,1.0
0.00025261485518879913,0.9999999999999989
1.8366337586230384e-06,1.0
0.00025555939891207084,0.999999999999996
2.3975689320193616e-06,1.0
1.1280159189800787e-05,1.0
2.581601246337431e-05,1.0
6.983802277910121e-05,0.9999999999999987
3.637254503254249e-06,1.0
9.868299911694021e-05,0.9999999999999998
0.0051783297655294954,0.9999999999999927
0.00015129559535015993,1.0
4.269071452934189e-06,1.0
2.778688036490272e-05,1.0
1.0554558797215439e-05,1.0
0.0035419689597985886,0.9999999999999907
8.298242380776161e-07,1.0
1.78085544719048e-05,1.0
1.6120561781958017e-06,1.0
1.3709635408627342e-06,1.0
1.968239695895978e-06,1.0
4.996963623835731e-05,1.0
1.8891684040804948e-06,1.0
1.3463420189437288e-05,1.0
3.503489691971454e-05,1.0
1.4871064881315924e-06,1.0
9.47619617769652e-05,0.9999999999999998
1.510068987603026e-05,0.9999999999999993
7.365413541670432e-05,1.0
6.917568403534694e-07,1.0
6.539856696014655e-07,1.0
1.185477802943799e-05,1.0
0.0002091162563273526,0.9999999999999989
3.5357508269241488e-06,1.0
6.747220888671083e-06,0.9999999999999998
3.930733830725564e-06,0.9999999999999993
1.1165121900363237e-06,1.0
3.2829433043263545e-06,1.0
1.3146721606861627e-05,0.9999999999999998
5.440293871658896e-07,1.0
1.9432519775741263e-05,0.9999999999999998
7.729989812661538e-08,1.0
8.463496328154561e-07,1.0
1.8390283261115106e-06,1.0
2.9955231897986947e-07,1.0
1.4714686819208755e-07,1.0
1.122861637087094e-05,0.9999999999999993
1.17472226625801e-05,1.0
2.8368237781141243e-05,0.9999999999999993
2.0034938282614202e-06,1.0
6.999688704519554e-08,1.0
2.6693203305244187e-06,0.9999999999999998
1.7613466969659172e-07,1.0
6.875220145208169e-08,1.0
3.747512104509156e-07,1.0
8.617568146905872e-08,1.0
1.4825791229690598e-06,0.9999999999999991
1.461403651020289e-06,1.0
6.421604574120153e-06,1.0
1.0418197563906954e-06,1.0
1.9788674660074717e-07,1.0
5.972789150871107e-10,1.0
2.1342889452353038e-08,1.0
1.6807105912388352e-08,1.0
1.4711226930334047e-06,0.9999999999999998
3.4366513225265414e-08,1.0
8.248265685252442e-09,1.0
9.837121007366245e-09,1.0
8.079324535062394e-08,1.0
1.5153938935954553e-07,1.0
4.068316043754485e-09,1.0
2.0445365837302613e-08,1.0
2.0541174830573414e-08,1.0
9.780789139676981e-09,1.0
3.6461933209743103e-07,1.0
1.1336625753875397e-08,1.0
2.8408107569297276e-08,1.0
7.397223188004312e-09,1.0
1.273982265182747e-07,1.0
6.366404915294468e-09,1.0
2.357448372465053e-09,1.0
5.380932808856653e-09,1.0
1.748958980766698e-07,1.0
1.6395671098665277e-07,1.0
3.961625015751196e-09,1.0
4.4205947483185306e-10,1.0
2.4384683961055726e-08,1.0
2.1322210753028306e-08,1.0
2.5323244938318932e-09,1.0
2.2739771037929303e-07,1.0
1.6186894236069923e-08,1.0
6.042090439511801e-10,1.0
6.145872855453846e-08,1.0
5.833782781308655e-08,1.0
7.500735452219702e-10,1.0
1.3737824498966534e-07,1.0
1.841495108882128e-09,1.0
0.003963848506789435,0.9999999999999909
2.4647358315639563e-09,1.0
5.437027391507949e-10,1.0
5.603763158386704e-11,1.0
2.00441744114408e-07,1.0
1.024226400606422e-07,1.0
3.53337868155955e-08,0.9999999999999998
3.462238990849706e-08,1.0
9.551221126055097e-10,1.0
3.4404221268773956e-10,1.0
2.6608333282734527e-09,1.0
7.110054524817981e-10,1.0
3.0091301702815333e-10,1.0
8.61908095115211e-11,1.0
2.0501799253115622e-07,0.9999999999999993
8.681400418950812e-11,1.0
3.4358091457507945e-10,1.0
1.9263648975955587e-09,1.0
8.668203553863057e-10,1.0
7.142741220770519e-11,1.0
2.2861774459563244e-10,1.0
9.219629517313414e-11,1.0
5.132682496179774e-09,1.0
2.7711248468126347e-10,1.0
1.747188682230427e-11,1.0
8.607356053197026e-11,1.0
4.961697819579364e-11,1.0
4.436027696310354e-12,1.0
4.275267281283705e-10,1.0
3.7985216893016383e-11,1.0
5.512802593764928e-10,1.0
4.245820583860005e-11,1.0
2.852718139507002e-10,1.0
6.670041022505828e-10,1.0
8.996282206864222e-11,1.0
1.3953997633356206e-10,1.0
1.0909760752539964e-12,1.0
4.1947583131852566e-12,1.0
2.9852733927997586e-11,1.0
1.7339185479263582e-10,1.0
2.4354378715114825e-10,1.0
2.4844918105496267e-12,1.0
2.8861684308100244e-10,1.0
1.0441429983717531e-11,1.0
7.39585884808158e-12,1.0
7.146267090414532e-11,1.0
1.1363281636033602e-12,1.0
1.7144236725010346e-12,1.0
1.9503113022389997e-11,1.0
2.3937491225472906e-13,1.0
9.668973304364325e-12,1.0
1.0080316121077498e-10,1.0
2.8822105929561756e-11,1.0
2.0617450429448982e-13,1.0
2.1201180482706296e-12,1.0
8.009900155288338e-13,1.0
1.6751118526039494e-12,1.0
7.132007068249075e-13,1.0
3.868693273095063e-11,1.0
7.832726843721802e-10,1.0
3.303434614810582e-13,1.0
1.2509697834920524e-12,1.0
4.978796750909616e-13,1.0
1.1830410861415406e-12,1.0
9.906200406636099e-11,1.0
7.77717356193946e-13,1.0
1.6213654176807786e-12,1.0
3.602204555877652e-13,1.0
8.417644495759992e-14,1.0
1.2667211209622571e-12,1.0
2.351500745488171e-11,1.0
3.0473306113593596e-13,1.0
2.0054653930881993e-11,1.0
2.55024647901177e-12,1.0
1.3700240725117952e-11,1.0
6.489491944198615e-13,1.0
9.81958024626822e-14,1.0
3.0051896526777176e-11,1.0
1.531752015235511e-13,1.0
4.470204680282e-13,1.0
1.2450780954404526e-14,1.0
9.688927189278316e-14,1.0
4.4839276666537445e-12,1.0
7.485823365253124e-13,1.0
6.224425297237709e-15,1.0
6.261210020788156e-12,1.0
1.1175305482602916e-13,1.0
5.1262257515467325e-12,1.0
1.2867986202884138e-15,1.0
1.0679057050145742e-13,1.0
1.2449746927975165e-13,1.0
2.432213720387364e-14,1.0
8.45508841627982e-14,1.0
1.9606543962877207e-12,1.0
2.574708149653541e-14,1.0
2.753595072514276e-16,1.0
1.5442473669438468e-11,1.0
5.681339967058127e-13,1.0
9.042146272145948e-14,1.0
3.2520901880932144e-12,1.0
5.775060528680661e-13,1.0
2.631192668349937e-14,1.0
2.395670978475738e-16,1.0
5.640756658867559e-15,1.0
2.2609900468178688e-13,1.0
2.989724281974784e-13,1.0
8.487766274262631e-13,1.0
8.561751795439684e-17,1.0
2.99684414220203e-14,1.0
4.89837931413953e-16,1.0
1.6474903478642934e-14,1.0
5.4778764521386845e-14,1.0
2.0245520033995312e-17,1.0
7.873289170662993e-16,1.0
1.954715379138536e-14,1.0
4.5354154713387955e-13,1.0
6.711845732164175e-15,1.0
6.221622048818378e-14,1.0
5.103547007973561e-16,1.0
7.294556115599628e-14,1.0
5.234360096925154e-16,1.0
5.523974582569908e-13,1.0
3.001218320573815e-14,1.0
1.5101212233313855e-18,1.0
1.9444493467530718e-14,1.0
3.1405375800316725e-16,1.0
1.171170759457567e-15,1.0
1.1383011544773716e-14,1.0
6.564732218776502e-16,1.0
1.4229598797688382e-16,1.0
5.051908117599031e-16,1.0
9.346002836211248e-17,1.0
1.7238565947974243e-16,1.0
3.176985252722e-14,1.0
7.259610417025778e-15,1.0
9.561322725440975e-15,1.0
2.3550990200816584e-14,1.0
1.6285424302119287e-15,1.0
4.130123462225361e-17,1.0
7.838487121551621e-16,1.0
1.615384618643661e-16,1.0
3.7499865634836053e-16,1.0
4.2453190413648464e-15,1.0
2.6733718309854337e-16,1.0
4.586315100610013e-16,1.0
1.4657819257132556e-16,1.0
1.996831661609189e-18,1.0
1.4595973281225323e-14,1.0
3.150229798212156e-17,1.0
3.5644467626235576e-17,1.0
3.729309537329921e-15,1.0
1.0272436742887325e-16,1.0
3.4569686060435327e-17,1.0
4.375585990628298e-14,1.0
3.1952182271498317e-16,1.0
8.042079772942087e-16,1.0
7.347769501283964e-17,1.0
2.3328366639100844e-14,1.0
6.816840913352574e-17,1.0
7.850522760441022e-17,1.0
5.007577392237687e-17,1.0
4.1384913210846873e-16,1.0
2.2711663900225096e-17,1.0
1.400106729877377e-16,1.0
5.021560563982439e-18,1.0
8.263142942085137e-17,1.0
1.3249475020114067e-18,1.0
5.947346089389693e-18,1.0
5.145077918785398e-18,1.0
2.4677737823450826e-18,1.0
1.8864606846086227e-18,1.0
4.871905048769448e-18,1.0
5.062549012346915e-18,1.0
3.696866416473864e-15,1.0
4.7641153704895544e-18,1.0
1.1848969874897984e-16,1.0
1.8105625758640205e-16,1.0
3.106443175535077e-18,1.0
1.8296382354007803e-17,1.0
1.2015086629043666e-17,1.0
1.472786560145856e-17,1.0
2.7834558628574776e-17,1.0
1.8112353947912395e-16,1.0
3.307158637423901e-17,1.0
5.512271210277954e-19,1.0
8.998503417342497e-19,1.0
1.031368095692778e-16,1.0
5.4005555201959356e-17,1.0
2.4489451058478957e-18,1.0
8.589139215901671e-19,1.0
8.027504879961073e-18,1.0
3.472685320373115e-19,1.0
1.1875994275314896e-16,1.0
6.245016265357332e-19,1.0
4.215961451143556e-18,1.0
1.2501757952247262e-18,1.0
2.2999514890876256e-19,1.0
1.2179977431532458e-18,1.0
2.4352687135268944e-17,1.0
1.562734849622883e-17,1.0
1.3906121404589527e-20,1.0
7.367153571648906e-19,1.0
4.1237397334056446e-17,1.0
6.699198966114295e-17,1.0
1.774705665831004e-17,1.0
9.783248165300809e-20,1.0
1.2645453595626027e-19,1.0
1.509921406656773e-19,1.0
1.4546594922603e-20,1.0
1.0628121976011417e-19,1.0
4.8250891870249974e-20,1.0
5.2250008414698226e-20,1.0
9.290902471483535e-20,1.0
8.102075208008983e-21,1.0
2.4096934378222994e-20,1.0
8.596068513776021e-19,1.0
5.0508846266415435e-21,1.0
1.82444126660086e-21,1.0
2.679853902351185e-19,1.0
1.788082820129779e-20,1.0
6.403515464129966e-19,1.0
2.935272786344884e-21,1.0
4.50197467863028e-20,1.0
1.155324668113741e-19,1.0
1.5473922373828856e-21,1.0
3.855131292965318e-21,1.0
2.5656091460146464e-20,1.0
1.1739472847230866e-17,1.0
2.032021730885473e-20,1.0
6.786117772912683e-21,1.0
3.1083354016600333e-22,1.0
7.458575547529174e-21,1.0
8.239278279958505e-20,1.0
1.5005869288459534e-18,1.0
6.184442540287721e-20,1.0
2.6608712169068557e-21,1.0
1.8611973781499956e-20,1.0
3.94290937621608e-21,1.0
2.6379161056023785e-21,1.0
3.3890069624160476e-19,1.0
5.909135717090039e-20,1.0
1.0484571415247106e-20,1.0
5.91633457227307e-21,1.0
8.006883068876248e-23,1.0
7.790066228209882e-21,1.0
1.0364596620569758e-20,1.0
3.9924184617228522e-22,1.0
2.7301266619165572e-21,1.0
8.960636119182612e-22,1.0
1.7742500595314574e-20,1.0
1.0620147306466276e-22,1.0
1.249936424798438e-22,1.0
2.9836233417338056e-21,1.0
7.651130319276008e-22,1.0
3.9668531585883125e-22,1.0
1.1209884430805618e-22,1.0
8.69795362109358e-22,1.0
3.04737623498229e-22,1.0
1.0916413118030605e-21,1.0
3.841269723529858e-21,1.0
2.5552563734810723e-22,1.0
9.067822261443297e-22,1.0
2.12940571563257e-22,1.0
6.228131877626156e-21,1.0
2.275534125569594e-21,1.0
3.467147222147825e-24,1.0
7.38860810371238e-24,1.0
9.159329899402302e-23,1.0
3.309783089244393e-23,1.0
4.692187467802536e-21,1.0
4.681895928580615e-22,1.0
3.821260810267527e-23,1.0
2.436323587614066e-22,1.0
3.3346113630607674e-23,1.0
5.544622625023833e-22,1.0
8.899470654284043e-24,1.0
4.844114682648265e-22,1.0
7.403638520663541e-22,1.0
5.364611419739093e-22,1.0
1.6361860403398686e-23,1.0
2.752928382823664e-22,1.0
9.842694195478646e-23,1.0
1.3331539785051327e-22,1.0
3.8780848668020075e-24,1.0
2.101819464692889e-24,1.0
2.853097020457494e-22,1.0
4.2876129700045816e-24,1.0
1.8889543875856807e-23,1.0
1.767434551703696e-24,1.0
3.1120058882142697e-22,1.0
8.562109222796403e-25,1.0
2.072517637863199e-24,1.0
2.2731776552166264e-23,1.0
1.2817980825499814e-23,1.0
1.2705484924235635e-24,1.0
2.691165062182892e-23,1.0
1.4763925368982236e-23,1.0
5.305170419426899e-25,1.0
8.362942336973306e-26,1.0
2.726043058072626e-23,1.0
1.852874425930256e-24,1.0
9.7082074411488e-22,1.0
6.14545836310062e-25,1.0
1.3421031857785256e-24,1.0
1.805651323763019e-25,1.0
8.259883627295918e-23,1.0
1.685655260702199e-20,1.0
1.110068187617537e-22,1.0
6.079915504848718e-25,1.0
3.498575554453052e-26,1.0
1.8139714797849181e-25,1.0
2.520291712140641e-24,1.0
3.2509373990881457e-24,1.0
8.168636968913497e-26,1.0
5.3278754205791495e-24,1.0
1.668814360880045e-24,1.0
1.0565915140614005e-25,1.0
8.877182144791169e-23,1.0
1.778336072689678e-24,1.0
4.201875648326829e-25,1.0
1.0667710211903846e-24,1.0
1.2992149092767762e-25,1.0
7.343534762538777e-25,1.0
1.0397855050570163e-28,1.0
4.140731408154926e-25,1.0
1.8962288669345215e-24,1.0
8.130432204814065e-27,1.0
2.634872400021326e-26,1.0
5.110896026959873e-25,1.0
9.65065690092722e-27,1.0
7.748112971708621e-26,1.0
4.5915184038172817e-26,1.0
1.2529532673497305e-25,1.0
2.787767601073579e-26,1.0
9.059439785170511e-26,1.0
6.015480764623586e-27,1.0
8.602933368187809e-26,1.0
1.0512525651942827e-22,1.0
4.8332230073803154e-26,1.0
3.740900682015019e-25,1.0
8.981325517941611e-25,1.0
2.9628057451181647e-27,1.0
3.146050582347231e-25,1.0
6.425247066137209e-26,1.0
6.036877073389467e-26,1.0
1.5283897002421085e-24,1.0
1.8138457574732835e-26,1.0
3.8397126722724326e-27,1.0
9.61211736353585e-29,1.0
4.8181421050483545e-28,1.0
1.253185739874449e-25,1.0
1.0687418745238152e-25,1.0
2.710526116954511e-28,1.0
1.3904133739204129e-27,1.0
1.238456117319357e-27,1.0
5.463005059782478e-28,1.0
3.394262756110706e-27,1.0
7.546501820208606e-27,1.0
1.7449982548181622e-27,1.0
7.110300285784364e-28,1.0
1.4701307860761527e-27,1.0
1.4800370688691856e-27,1.0
4.675543678155004e-26,1.0
2.2692681927511714e-28,1.0
4.895329334730546e-28,1.0
1.1017850304935797e-26,1.0
4.3119688479559194e-27,1.0
7.597823726088344e-27,1.0
8.871583069460207e-29,1.0
1.0130679111931984e-27,1.0
3.8694617806552714e-28,1.0
5.957083692655374e-27,1.0
1.958167446252676e-28,1.0
1.2558678022697349e-27,1.0
2.564662272022259e-28,1.0
2.3306558880315625e-27,1.0
9.563704020683436e-28,1.0
9.300782118161739e-30,1.0
3.367643369363382e-27,1.0
7.2315771712154405e-28,1.0
8.803548309271578e-28,1.0
7.978233716915038e-28,1.0
7.878225844190724e-29,1.0
3.901132641148307e-26,1.0
1.2923818607722154e-28,1.0
1.2972987112684409e-25,1.0
2.3054433817422288e-29,1.0
5.5245727808436615e-27,1.0
2.2290150701421477e-28,1.0
3.0242787229301857e-29,1.0
1.0512644359008894e-29,1.0
6.958334912570346e-28,1.0
2.767524164673882e-27,1.0
8.67010639208163e-28,1.0
2.4629916482603036e-27,1.0
5.032130946392568e-28,1.0
6.957463019315271e-30,1.0
1.273741332364229e-29,1.0
7.107574637378501e-29,1.0
3.1430875054768614e-28,1.0
4.9685561512735214e-29,1.0
2.733347367763638e-29,1.0
2.7998570121563337e-30,1.0
1.6426415006439516e-30,1.0
1.8759006556748723e-27,1.0
1.9686208554004684e-26,1.0
3.388557455339694e-29,1.0
3.944685916293163e-32,1.0
2.3837019705609326e-30,1.0
7.412780225806641e-29,1.0
1.4896482064731834e-29,1.0
1.4779011901896621e-30,1.0
1.2829507904039042e-30,1.0
7.824355876845153e-30,1.0
9.918288218060272e-30,1.0
1.3406588841034534e-29,1.0
6.974590758527525e-32,1.0
6.855712182686203e-31,1.0
9.117174386405764e-32,1.0
5.555073746099675e-30,1.0
7.071188808521867e-30,1.0
1.8303568919455579e-31,1.0
1.5459761576075145e-30,1.0
7.39060761199107e-32,1.0
3.393922578705841e-31,1.0
4.0871310367032056e-30,1.0
1.7459445755970384e-32,1.0
1.680057874871292e-30,1.0
4.641760539110499e-31,1.0
2.1625139112713652e-31,1.0
3.5976278869265126e-30,1.0
5.718044796457595e-31,1.0
6.6933913615226e-30,1.0
4.480649121340445e-30,1.0
2.495492875974138e-32,1.0
3.2705398845072237e-32,1.0
7.565260987989286e-33,1.0
9.634529644209143e-31,1.0
3.382562361514772e-30,1.0
1.279285841798684e-29,1.0
7.25468708094964e-28,1.0
8.310245895980309e-33,1.0
4.708920649258613e-31,1.0
2.0461235853174488e-30,1.0
2.518872078521549e-31,1.0
3.053778536992027e-32,1.0
1.4840442450935073e-30,1.0
4.203031343927239e-31,1.0
1.8380478226564246e-32,1.0
7.055407216122557e-32,1.0
4.494792442976081e-31,1.0
1.272589777085999e-32,1.0
1.2254568260560296e-30,1.0
6.270332961963013e-34,1.0
5.7026522892352495e-31,1.0
2.3523121061630476e-32,1.0
5.585967945212574e-31,1.0
4.472918845300029e-32,1.0
4.062164854238569e-32,1.0
1.1323033749193162e-32,1.0
3.17868205516922e-33,1.0
6.800523314749406e-34,1.0
2.8861588199004988e-33,1.0
8.951544604772432e-32,1.0
4.287861798514061e-31,1.0
6.038492967727211e-33,1.0
1.761084813904461e-34,1.0
1.387838395041788e-33,1.0
1.100182179279321e-31,1.0
4.349126301459624e-33,1.0
6.5981042861108025e-34,1.0
3.250388789954255e-33,1.0
2.340638819288944e-34,1.0
2.619273306454758e-34,1.0
5.403150909018228e-33,1.0
5.140008788332386e-33,1.0
1.1919715823842338e-34,1.0
3.299040458390087e-33,1.0
2.4493737055250435e-34,1.0
3.2547185332144917e-34,1.0
9.569055715196819e-32,1.0
1.4115079337763316e-33,1.0
3.2689159960687095e-32,1.0
1.6650138479759752e-35,1.0
1.543975399732822e-34,1.0
1.4422296593769801e-35,1.0
1.027901060478507e-34,1.0
5.865707946661352e-36,1.0
2.2194518601391947e-35,1.0
6.400392925358986e-36,1.0
2.0382529697379504e-35,1.0
8.734664174033188e-34,1.0
2.2115124016984694e-35,1.0
3.0202489101978884e-35,1.0
1.017047824656718e-34,1.0
1.0595930116477739e-36,1.0
6.444766498841914e-33,1.0
6.606989237272572e-35,1.0
7.388192628321501e-36,1.0
8.501389849220749e-33,1.0
5.560285729038008e-34,1.0
4.177082388258878e-35,1.0
3.5099340777318794e-34,1.0
5.396224152816593e-36,1.0
8.907936498234846e-34,1.0
2.64780024606477e-35,1.0
3.459912752615646e-36,1.0
1.2239241189804712e-33,1.0
3.101323605027183e-34,1.0
1.9806877900790998e-35,1.0
2.024044759444939e-35,1.0
3.8066493617263075e-33,1.0
4.437032261289057e-36,1.0
3.3272476286455397e-37,1.0
2.2189259074712313e-37,1.0
1.8256608010971926e-35,1.0
1.6747870880807868e-35,1.0
1.4941340295144115e-36,1.0
9.607995551379724e-36,1.0
1.002915359010899e-35,1.0
1.1437720487492712e-37,1.0
1.3483359489629215e-35,1.0
1.6223753526982996e-35,1.0
2.73659892403882e-35,1.0
2.533436063596798e-36,1.0
1.1636939038960822e-35,1.0
1.0665914127116758e-36,1.0
5.896063255504642e-36,1.0
1.6794755346471976e-37,1.0
1.7810113514901685e-35,1.0
2.0608448884256137e-37,1.0
2.2467993052463994e-36,1.0
3.1997803451561976e-36,1.0
1.3690278626167512e-36,1.0
3.628150385873486e-38,1.0
9.43437415765822e-38,1.0
9.989668894583259e-37,1.0
2.0358304120995117e-37,1.0
2.8659459559768736e-36,1.0
4.965411457257169e-36,1.0
3.3493424892505917e-38,1.0
3.41186550949144e-37,1.0
2.467901028308602e-38,1.0
1.5691382807569192e-37,1.0
3.465432972926357e-38,1.0
2.175057246897754e-37,1.0
1.4134381609869378e-34,1.0
1.269246461956367e-35,1.0
2.810946979076353e-35,1.0
4.701341068793005e-38,1.0
6.668469947244854e-37,1.0
1.1319417486203389e-39,1.0
2.558093961088408e-38,1.0
1.3123173711412927e-35,1.0
4.02814808211786e-37,1.0
3.608840121764618e-38,1.0
6.548149017397935e-38,1.0
4.563189990300825e-37,1.0
6.860658275808066e-39,1.0
1.7862727310148402e-38,1.0
1.6659372659498395e-37,1.0
1.2244885665455862e-37,1.0
3.438952973021163e-39,1.0
1.279096319578555e-38,1.0
9.456143454874773e-39,1.0
8.109803708096065e-39,1.0
1.1217053966279285e-36,1.0
2.2398948463640632e-38,1.0
4.80717525789042e-38,1.0
3.317568145493216e-38,1.0
8.188221966964809e-38,1.0
8.480781803139683e-39,1.0
1.270831788517829e-38,1.0
1.129931728570579e-37,1.0
3.706409687325339e-39,1.0
1.1016626121588216e-36,1.0
2.6982388374964933e-40,1.0
4.97479080850422e-40,1.0
1.0859970880892932e-37,1.0
6.778050925064724e-39,1.0
1.4092974335880194e-38,1.0
2.2340523107714588e-39,1.0
5.161888402042524e-39,1.0
1.307272960356312e-40,1.0
8.997282233696872e-39,1.0
7.91743888880051e-40,1.0
7.481643481710995e-40,1.0
4.785031346733633e-38,1.0
4.189997700664231e-40,1.0
5.722686387839753e-40,1.0
1.305280243574933e-34,1.0
2.693444274764541e-39,1.0
7.60007900402693e-41,1.0
9.028940202168256e-40,1.0
7.044492989815374e-40,1.0
3.8385418535475864e-40,1.0
3.500017080970527e-40,1.0
3.853382867454688e-42,1.0
1.1144185057940082e-39,1.0
3.140711150638961e-38,1.0
9.168709118541896e-41,1.0
3.58535786266171e-41,1.0
3.5261971808005445e-39,1.0
2.5060328979610854e-41,1.0
1.4594209409701662e-41,1.0
2.888238194104813e-40,1.0
2.2141680024179676e-41,1.0
2.8747087398505663e-41,1.0
1.2083674346962821e-39,1.0
2.7970871733034644e-41,1.0
4.7142611041055924e-42,1.0
8.168897422330074e-40,1.0
7.957024089588404e-42,1.0
1.6300267066560208e-41,1.0
1.7823091426899273e-41,1.0
1.1353671138287508e-40,1.0
1.285767442177098e-37,1.0
2.8754822814343983e-41,1.0
2.640879922227031e-38,1.0
6.003273419969858e-41,1.0
3.374724147698689e-39,1.0
1.477986579167187e-42,1.0
5.028585667311783e-41,1.0
1.225593962976908e-40,1.0
6.091322344049037e-41,1.0
1.4197036522483921e-40,1.0
1.2495035302269224e-41,1.0
3.5956106004062957e-41,1.0
9.0114391329474e-43,1.0
3.004038653372598e-43,1.0
8.795604637946365e-42,1.0
1.8255362873479088e-41,1.0
1.3915574485611272e-41,1.0
6.422292531149785e-42,1.0
1.70711450526791e-42,1.0
1.382032113781417e-41,1.0
2.4726273756431995e-42,1.0
1.7692875005071535e-42,1.0
5.172613681941346e-42,1.0
4.133144511259742e-42,1.0
7.811303470112321e-44,1.0
7.317194866656749e-43,1.0
7.61682520756827e-42,1.0
8.817332005634024e-44,1.0
5.277794182330908e-41,1.0
1.0662569586671813e-42,1.0
2.6469827163000362e-43,1.0
6.649862528680996e-43,1.0
2.9131414162246945e-43,1.0
9.327132048720894e-44,1.0
1.4792725117309714e-40,1.0
3.994006486326349e-42,1.0
2.0501677796819306e-43,1.0
1.5662132392194316e-43,1.0
2.7128480332369985e-40,1.0
1.1424750786979329e-45,1.0
2.3557620558001406e-43,1.0
6.468698321335163e-43,1.0
4.8965067382180345e-43,1.0
1.2027461397964566e-42,1.0
2.4025877432355164e-41,1.0
2.656182986216529e-44,1.0
2.576181550537688e-39,1.0
1.485181217487035e-43,1.0
2.6768016910875237e-44,1.0
5.335313468339048e-45,1.0
1.7987587434873606e-44,1.0
1.252266792541271e-43,1.0
1.7106891567342306e-38,1.0
1.2905425480783293e-43,1.0
6.115927281638114e-45,1.0
3.253030862674848e-43,1.0
2.3097243350473635e-43,1.0
8.720689508169668e-43,1.0
1.602693468713211e-45,1.0
2.636621626592992e-44,1.0
3.911939223650582e-42,1.0
8.68874652804923e-46,1.0
3.92334517533954e-43,1.0
2.677850915439552e-43,1.0
1.4590353787124943e-44,1.0
2.5400042740804055e-44,1.0
2.0338176901107856e-45,1.0
3.133073853821756e-45,1.0
3.6502651047156165e-43,1.0
1.3847422822811413e-43,1.0
2.5103864325122648e-45,1.0
2.9835985096196086e-45,1.0
1.7524561016472414e-44,1.0
7.517388794653952e-45,1.0
1.4667373726877458e-44,1.0
7.072986997649433e-46,1.0
4.1030265800949144e-45,1.0
5.914315551925927e-46,1.0
4.12258670825576e-42,1.0
2.0454081248254025e-45,1.0
2.5202751247901954e-44,1.0
1.613899120973947e-46,1.0
4.199176447881617e-45,1.0
3.357422956328552e-45,1.0
1.742411683494535e-45,1.0
8.269886966859343e-46,1.0
9.313323149147203e-46,1.0
7.01605436549199e-44,1.0
6.990393554208208e-46,1.0
1.8605212114376832e-44,1.0
1.207204056733968e-46,1.0
1.384492577782941e-46,1.0
5.026667506460492e-47,1.0
4.51973111748627e-45,1.0
4.6371061881299565e-46,1.0
8.79856248585138e-46,1.0
6.547047684614337e-46,1.0
1.0812489545496998e-44,1.0
7.454080404766104e-45,1.0
1.675605255552755e-46,1.0
2.337540061664168e-53,1.0
1.071430090485166e-45,1.0
1.3258662097708734e-47,1.0
2.263585289757755e-47,1.0
1.9154024252382977e-45,1.0
2.3395558241495205e-46,1.0
1.180273259314062e-44,1.0
1.8918876469077233e-46,1.0
2.182783541215482e-48,1.0
3.677966946440116e-47,1.0
2.281995547466355e-47,1.0
5.415727353225777e-48,1.0
3.0463837437291365e-47,1.0
2.5355044197936045e-46,1.0
2.5879807630157286e-46,1.0
3.123950498156274e-49,1.0
1.527729555434239e-46,1.0
2.794355682426398e-47,1.0
7.896861034054966e-48,1.0
4.685720085919136e-48,1.0
2.035129222947313e-46,1.0
2.2229434967921287e-48,1.0
7.77691251241597e-49,1.0
1.3493805275054482e-47,1.0
9.616758004097958e-49,1.0
1.610407058387087e-46,1.0
1.096771584957992e-48,1.0
5.789857278468615e-49,1.0
1.289531317567538e-47,1.0
5.2718278572853384e-48,1.0
9.056163361065973e-48,1.0
1.8936223040905256e-50,1.0
6.0966201395671e-48,1.0
7.776988948537931e-49,1.0
4.1597220054869446e-50,1.0
5.932489238625455e-49,1.0
2.0300493874342632e-47,1.0
1.304401389133597e-47,1.0
4.254746110677672e-48,1.0
2.3805067305175754e-48,1.0
3.2292210090019662e-49,1.0
7.332635887706666e-50,1.0
3.593446702707829e-49,1.0
2.4355548563946038e-48,1.0
4.883871623811869e-49,1.0
5.402023043727145e-50,1.0
5.355926734175274e-49,1.0
2.4697357164368345e-49,1.0
1.823756875041386e-49,1.0
1.3967189558254263e-49,1.0
5.526007281963153e-50,1.0
1.0298531669305963e-50,1.0
2.1373504258928525e-49,1.0
7.752626735544098e-48,1.0
2.350960043824024e-52,1.0
1.3740303643809612e-49,1.0
1.4552168076576965e-48,1.0
2.0232156188711186e-48,1.0
7.713875997130929e-51,1.0
2.2181923704885887e-49,1.0
8.323680802025132e-51,1.0
5.208244779211266e-49,1.0
5.0146529936882245e-49,1.0
1.9834642072125798e-50,1.0
7.072405081754105e-50,1.0
4.0969526162210837e-50,1.0
4.7454480137512475e-51,1.0
1.86895439799995e-50,1.0
5.982608823656093e-50,1.0
1.6841365055328623e-48,1.0
3.970365594854716e-52,1.0
2.767584926216036e-50,1.0
1.887009389661896e-51,1.0
6.592476736751746e-52,1.0
7.406423690702104e-51,1.0
5.630727958522707e-52,1.0
1.4270032899036834e-51,1.0
1.9280078816987943e-50,1.0
1.655463998760885e-52,1.0
4.6286266956754905e-52,1.0
1.0039031713985525e-51,1.0
9.407103389726957e-52,1.0
5.361504686335793e-51,1.0
3.399175672874997e-51,1.0
1.2066758591524422e-49,1.0
6.377944077506173e-51,1.0
1.5217626324759539e-50,1.0
1.4065211174336355e-50,1.0
2.0473221351944583e-51,1.0
1.2431915074113467e-49,1.0
1.5205048377165883e-51,1.0
7.544748968151769e-52,1.0
9.307333577459323e-52,1.0
8.630354488552358e-51,1.0
9.833777272269655e-52,1.0
1.500237007170269e-51,1.0
4.950808427456671e-53,1.0
6.502200012827668e-51,1.0
5.000116246181626e-51,1.0
5.378608646846885e-52,1.0
1.0524983026646427e-52,1.0
5.50981850352828e-52,1.0
6.9541504547814e-53,1.0
9.215004830416256e-54,1.0
2.5385290823457565e-53,1.0
9.333068231167328e-51,1.0
1.6858240031380676e-49,1.0
1.673563016525803e-51,1.0
5.426213621108536e-51,1.0
1.180334402297569e-51,1.0
5.685432801950265e-50,1.0
2.3321384594429698e-55,1.0
8.218064743127939e-53,1.0
1.4421885369771948e-53,1.0
1.862081747873725e-52,1.0
3.145071242412922e-53,1.0
6.988227377126975e-54,1.0
6.230430034409438e-53,1.0
6.5429382304974e-54,1.0
7.018299358702238e-52,1.0
1.511415197825644e-52,1.0
1.4820630356766643e-52,1.0
1.1133255153398289e-53,1.0
2.3071776617186463e-54,1.0
2.6610962626301705e-53,1.0
9.745100909969052e-53,1.0
6.181857620440651e-54,1.0
8.016900060221124e-53,1.0
7.368780380375841e-55,1.0
4.521343760534043e-54,1.0
1.5425629953257714e-55,1.0
6.728862433799802e-53,1.0
7.127473717849404e-54,1.0
2.125487192474983e-53,1.0
6.292268934672852e-50,1.0
5.275504559859359e-53,1.0
3.594847760219725e-52,1.0
1.9769389343403165e-54,1.0
4.256389045683657e-55,1.0
9.594792212637135e-55,1.0
1.853783060543378e-54,1.0
1.8527104559503292e-53,1.0
3.2914964882633545e-52,1.0
3.462044250649074e-54,1.0
2.5327445397867756e-53,1.0
8.904038142204837e-55,1.0
4.113002644748664e-54,1.0
7.429114286728904e-55,1.0
5.245016349675765e-55,1.0
3.342522701555559e-55,1.0
2.0132888466924005e-55,1.0
9.362234547809966e-56,1.0
9.167223677674187e-56,1.0
1.752943164365439e-56,1.0
4.1481090724611535e-54,1.0
9.833967186835025e-56,1.0
2.9742148233476086e-54,1.0
7.391070866063793e-55,1.0
2.7255986843999693e-52,1.0
6.621734347801815e-56,1.0
1.9292357379311477e-54,1.0
3.158780194195288e-56,1.0
1.2545150928663666e-56,1.0
1.334046874163866e-56,1.0
3.9496696710920994e-55,1.0
2.4187569514312244e-56,1.0
4.7033548047320635e-55,1.0
3.6294977173773976e-54,1.0
4.742626694557984e-57,1.0
5.841788269863407e-56,1.0
4.885637172435016e-58,1.0
1.0911747372416375e-56,1.0
2.1681404406541984e-56,1.0
6.821746414508292e-58,1.0
2.721745958469068e-55,1.0
2.5934643395316834e-57,1.0
3.3608199922269596e-57,1.0
1.5492365200667438e-55,1.0
6.077547988902788e-56,1.0
2.9312919596928705e-58,1.0
1.1031260616989512e-56,1.0
2.7958707123232957e-56,1.0
9.789396107542304e-56,1.0
2.383489848383346e-57,1.0
7.936994222522297e-60,1.0
1.641453640617593e-57,1.0
4.087205339861535e-57,1.0
4.05558144829275e-55,1.0
5.0640614802091065e-58,1.0
9.403393622542928e-58,1.0
7.932572605068768e-58,1.0
3.0632822766574425e-57,1.0
9.730280839878837e-59,1.0
4.936130334086954e-55,1.0
5.520485894847121e-57,1.0
5.0407360286535e-57,1.0
6.292976328814764e-61,1.0
2.968394406372209e-60,1.0
1.9135482723935137e-57,1.0
9.61488951362964e-57,1.0
2.0772261897361484e-57,1.0
6.362521776725035e-57,1.0
1.337923692081459e-55,1.0
1.9244175811506904e-57,1.0
6.444014157669126e-58,1.0
2.628822129455977e-57,1.0
4.701645970335073e-57,1.0
2.923188566774871e-59,1.0
7.46265977034841e-58,1.0
2.9841003256501044e-59,1.0
7.458131176981834e-57,1.0
5.247557682571473e-57,1.0
1.2914815888189779e-58,1.0
1.0447762168411866e-57,1.0
1.8714400173635118e-58,1.0
2.998946161162821e-58,1.0
1.4710359983152344e-58,1.0
1.6194805700047317e-57,1.0
1.6872749387860938e-59,1.0
2.070336228598112e-58,1.0
6.472735522396542e-57,1.0
1.7822456040135013e-57,1.0
2.507703607343812e-59,1.0
6.432935160000502e-61,1.0
2.173800649970918e-58,1.0
9.324854792847604e-58,1.0
5.347937117735533e-60,1.0
4.193501769084312e-59,1.0
6.40954833049171e-59,1.0
3.115028828885801e-59,1.0
7.192897005550941e-59,1.0
4.9671394155380703e-60,1.0
1.6560375085706992e-60,1.0
7.969383275294484e-60,1.0
9.53572346750488e-60,1.0
4.8092000764437e-60,1.0
4.030286865562295e-59,1.0
1.9611548427759926e-60,1.0
1.3863800535305564e-59,1.0
4.7167864140390403e-60,1.0
9.438143395691967e-67,1.0
2.3712900747605175e-59,1.0
7.787364032183321e-61,1.0
2.4452441276925626e-60,1.0
4.8576786365395255e-61,1.0
1.4202682507956539e-59,1.0
7.49826769593351e-60,1.0
7.808127526869151e-60,1.0
1.0442963423138119e-60,1.0
3.6315799141673756e-61,1.0
1.0881564581646643e-60,1.0
1.0599214231315347e-60,1.0
2.422183071725518e-60,1.0
4.213407506787704e-60,1.0
9.406771009666766e-60,1.0
1.2571955666040965e-61,1.0
3.873148679869243e-61,1.0
9.681151296141882e-59,1.0
8.091295158657699e-61,1.0
1.0028372295586961e-60,1.0
4.699992252037112e-62,1.0
1.0051794058029263e-60,1.0
1.0984185005951872e-59,1.0
9.30261881694729e-63,1.0
5.093687253256453e-62,1.0
7.726082517171978e-60,1.0
2.109180875042734e-58,1.0
1.0722939813613176e-60,1.0
2.460674751551034e-62,1.0
6.734028985883395e-63,1.0
2.2834439251591952e-62,1.0
1.1911567324228006e-62,1.0
3.99393554875302e-62,1.0
1.5851393575003766e-59,1.0
7.164658637509444e-62,1.0
1.5023808424444572e-62,1.0
1.4474953205925905e-61,1.0
2.9157541044003054e-61,1.0
1.0360674291127098e-60,1.0
6.849625575767815e-63,1.0
1.2495680152830578e-61,1.0
8.283235329947225e-64,1.0
2.510899651271271e-62,1.0
9.728707250955329e-64,1.0
4.338151441699088e-63,1.0
3.358595318799704e-62,1.0
1.4582953086510572e-62,1.0
1.8811544529386814e-63,1.0
4.8205816758439993e-63,1.0
6.916432844782284e-63,1.0
1.8180264404965797e-63,1.0
3.675084501595539e-61,1.0
2.056240153978738e-62,1.0
4.7623570479928764e-63,1.0
4.356646590065383e-62,1.0
1.7711970184471037e-63,1.0
6.806984409431317e-63,1.0
1.6969674799005615e-61,1.0
7.695408450976764e-64,1.0
4.3391148940004087e-63,1.0
2.0645629468432783e-63,1.0
4.141498836480789e-62,1.0
3.896407812496975e-65,1.0
2.527562956007212e-62,1.0
6.5053622657451e-64,1.0
1.9570706188408638e-65,1.0
3.7725666352890846e-65,1.0
1.048656041617856e-62,1.0
2.846613030969589e-64,1.0
2.311483043963257e-64,1.0
1.1170585274821732e-63,1.0
1.1510680950433649e-64,1.0
8.019950185362477e-64,1.0
1.3205840860707155e-63,1.0
5.93875178665755e-64,1.0
2.4489272453356536e-63,1.0
2.551262185920295e-63,1.0
3.898089933458751e-65,1.0
3.0857835347235556e-62,1.0
5.5541515578785565e-64,1.0
3.429558126230895e-64,1.0
2.577540932504939e-64,1.0
6.835199658620362e-66,1.0
4.41433662009748e-66,1.0
2.8304043447929958e-64,1.0
2.1543251153858127e-63,1.0
2.236394532165252e-63,1.0
1.5991289399477157e-64,1.0
2.3548122467533868e-66,1.0
2.8725837213963204e-64,1.0
9.520620169799942e-66,1.0
1.424797594492589e-63,1.0
1.7777626245448934e-65,1.0
2.0384693416813078e-63,1.0
3.1830657407593073e-63,1.0
2.9605528525534357e-66,1.0
8.156779994311791e-64,1.0
3.096021878872855e-65,1.0
1.185388183358887e-65,1.0
7.60560460674574e-65,1.0
1.4297975530857498e-66,1.0
3.18041191754819e-67,1.0
5.839999778603679e-63,1.0
1.0179344357785382e-64,1.0
1.9496973576111042e-63,1.0
5.392504707870583e-65,1.0
4.0515406876770746e-64,1.0
1.5712583305335424e-65,1.0
7.525324112676101e-66,1.0
1.6850156666649051e-68,1.0
1.4308151332460096e-66,1.0
6.743862203234272e-65,1.0
3.7044564251536828e-65,1.0
4.7210878686714205e-67,1.0
3.5926501588215734e-66,1.0
8.322172493168891e-67,1.0
6.607071523696415e-65,1.0
5.308105347549584e-65,1.0
7.43775741607096e-67,1.0
1.4818903963559185e-68,1.0
1.3640588732660502e-65,1.0
8.964061811136927e-64,1.0
4.900772671252488e-66,1.0
8.282732573893902e-68,1.0
1.656044648810725e-67,1.0
1.6834615994436532e-66,1.0
1.1007318817406605e-65,1.0
8.121973372758941e-67,1.0
9.837120652617545e-67,1.0
4.0490184451868595e-65,1.0
4.849577681532567e-67,1.0
5.712914174047088e-67,1.0
2.5258737928315794e-63,1.0
2.885069663583119e-66,1.0
4.4515360011471835e-67,1.0
4.759281789487082e-73,1.0
5.9036483465864505e-68,1.0
9.348443473601101e-66,1.0
2.2619206581703598e-68,1.0
3.845677614298428e-68,1.0
1.047647006886661e-66,1.0
2.863952485701623e-67,1.0
1.0952816823528525e-68,1.0
1.4128502884270048e-66,1.0
7.797498657309883e-67,1.0
1.773819243539102e-66,1.0
7.648817401481354e-68,1.0
2.5395895886099203e-67,1.0
7.459622653439755e-67,1.0
5.82802732736873e-68,1.0
2.943736496027214e-68,1.0
1.9425338934459742e-68,1.0
9.20482666282792e-71,1.0
6.283190092981134e-67,1.0
3.070908392266087e-74,1.0
1.2513361714232216e-66,1.0
4.825255978196534e-68,1.0
1.2651048532496286e-71,1.0
5.3575666479657796e-68,1.0
1.9174813018691191e-69,1.0
3.6525549094186824e-68,1.0
9.510145225996173e-69,1.0
6.007679874417927e-67,1.0
2.428419877686099e-69,1.0
2.193457783308685e-67,1.0
2.9804265149395354e-70,1.0
2.0724291287881742e-68,1.0
2.8492695991593953e-68,1.0
4.58980889737716e-68,1.0
2.1849643189173292e-69,1.0
1.8722219149472076e-69,1.0
1.1190442605529043e-69,1.0
7.930412551643872e-76,1.0
2.1303903589097822e-68,1.0
2.7579387571186632e-70,1.0
4.792573117712419e-68,1.0
6.03359777289139e-69,1.0
2.1355881965885768e-69,1.0
4.118866950062787e-69,1.0
3.42036677226367e-70,1.0
2.1511106961075255e-71,1.0
1.4845947658982304e-68,1.0
2.2537219585679035e-69,1.0
5.0503663965623e-70,1.0
3.481931456024662e-70,1.0
1.1449624277062833e-71,1.0
3.874839142479215e-70,1.0
7.676752776839771e-69,1.0
3.392609961707851e-70,1.0
3.5699062801858344e-72,1.0
3.513530253668796e-71,1.0
1.7301498431528233e-71,1.0
3.8159194677597714e-72,1.0
6.181954368672229e-69,1.0
2.8139427703130357e-71,1.0
1.1984671597522933e-69,1.0
1.1178376846302041e-72,1.0
1.994137714734955e-69,1.0
3.462286231527056e-71,1.0
3.826528095539413e-71,1.0
7.900960022998898e-70,1.0
1.345378232910016e-71,1.0
1.891005723348325e-69,1.0
1.7382220196261008e-73,1.0
1.3299173837074028e-69,1.0
8.283103139257602e-72,1.0
8.770617674949863e-70,1.0
4.787600311760512e-71,1.0
2.1727132302431296e-73,1.0
5.526996627801413e-74,1.0
6.462494388784062e-72,1.0
1.363312857889987e-72,1.0
1.0166242118471603e-70,1.0
6.56838843430743e-73,1.0
7.447229398760931e-73,1.0
6.269521288614528e-72,1.0
5.643899181190921e-73,1.0
7.991298698073558e-74,1.0
3.989699670395986e-72,1.0
4.9949356412014075e-70,1.0
6.28069108880124e-71,1.0
3.228346868584789e-72,1.0
1.2309845901923127e-72,1.0
2.1529067367899133e-72,1.0
7.572550947835327e-71,1.0
1.9625223848223927e-68,1.0
2.9973679217682393e-70,1.0
5.2290953646314736e-73,1.0
1.1896858040933296e-73,1.0
2.69844432132005e-72,1.0
1.566172143631022e-72,1.0
1.3278660172636182e-74,1.0
5.11271175962712e-74,1.0
1.9808187377631056e-72,1.0
4.873868313712585e-71,1.0
3.988853788085344e-74,1.0
1.5459351449747494e-75,1.0
3.0376034837222874e-73,1.0
1.2641145654603281e-73,1.0
2.8723038344863274e-74,1.0
5.0344108489370245e-73,1.0
7.636288586188157e-73,1.0
2.2746181722604796e-73,1.0
1.2685403865996595e-73,1.0
9.794940341804313e-73,1.0
2.9505966028652834e-73,1.0
9.425587897649367e-74,1.0
4.9297100871629534e-76,1.0
3.547339139687913e-73,1.0
4.267380453389575e-71,1.0
1.4879257095196268e-71,1.0
1.00886738251713e-75,1.0
4.462763774639079e-75,1.0
2.733773391016935e-73,1.0
8.291138262182881e-75,1.0
9.715923015415865e-75,1.0
3.021822972513092e-75,1.0
4.132913686131043e-74,1.0
8.387533999736584e-74,1.0
2.9857099842424484e-72,1.0
2.7793274615070792e-73,1.0
5.564999912469071e-74,1.0
4.490858974320417e-73,1.0
1.3052092689736493e-71,1.0
2.5140448891136466e-75,1.0
6.041864445750372e-73,1.0
3.3385780020088816e-75,1.0
5.791235751625619e-75,1.0
4.248457086745887e-75,1.0
8.2019934495846505e-75,1.0
2.9165102774466183e-75,1.0
4.030676467300459e-74,1.0
2.839385436580357e-74,1.0
4.663525761186076e-76,1.0
2.5603227450760013e-76,1.0
1.0283803927297845e-76,1.0
1.09181378214003e-75,1.0
3.4309186332127997e-75,1.0
5.798338192267638e-76,1.0
6.982886279457452e-76,1.0
5.3405720769496214e-76,1.0
4.1329949532044807e-75,1.0
7.852478020886919e-76,1.0
2.945967637638753e-76,1.0
4.206173400273302e-79,1.0
3.080050382806956e-76,1.0
4.3898157399606195e-75,1.0
1.4749301029137435e-72,1.0
4.407743656932749e-76,1.0
1.060152605975249e-74,1.0
2.498296562775734e-75,1.0
7.68550679493859e-76,1.0
1.409175652960163e-76,1.0
3.567461326328127e-77,1.0
5.782358565298527e-76,1.0
8.489766324689652e-80,1.0
1.9893155852313718e-75,1.0
4.6961576684522406e-76,1.0
2.7037012009750606e-78,1.0
3.3258537702178544e-77,1.0
3.365021616430593e-76,1.0
7.114691197729013e-77,1.0
1.073591779587432e-77,1.0
2.4373807789888613e-78,1.0
3.531135084555789e-76,1.0
1.5553261469086442e-76,1.0
6.119102227032281e-79,1.0
1.0928937053603399e-77,1.0
3.3979488675790534e-79,1.0
4.2250478796740193e-76,1.0
4.767154323376207e-80,1.0
2.493768016953298e-79,1.0
5.2103863655116336e-76,1.0
4.957578730486368e-77,1.0
2.4460923252765646e-78,1.0
1.6704939782669256e-77,1.0
6.165414167653497e-76,1.0
1.4452140368910637e-78,1.0
1.2361584468142053e-80,1.0
2.3175570420854533e-75,1.0
4.857118189355264e-79,1.0
1.2204456923129291e-76,1.0
7.260142366698636e-80,1.0
8.879673355977511e-76,1.0
1.3692420435546049e-78,1.0
9.080041919971841e-79,1.0
3.4279890292145235e-77,1.0
3.569597574957504e-78,1.0
1.666447756645459e-78,1.0
8.635179238913372e-78,1.0
1.7785999479088753e-78,1.0
1.547410587670536e-78,1.0
1.2948080889852892e-79,1.0
6.618789166177598e-79,1.0
1.4677971812740514e-79,1.0
3.7023166450015174e-78,1.0
1.8743672530455357e-77,1.0
3.8430571058453284e-79,1.0
1.4077964055572064e-80,1.0
2.7260569282532565e-79,1.0
1.2396322742574708e-79,1.0
2.4861620002581397e-80,1.0
1.692492637185516e-79,1.0
4.192445857399622e-77,1.0
3.536907335863637e-80,1.0
5.1490549006266294e-80,1.0
1.5990726152452152e-79,1.0
1.2444401368422807e-79,1.0
3.650010426362314e-80,1.0
4.6741227532053695e-80,1.0
8.071774488454524e-80,1.0
2.8930022479191754e-78,1.0
6.388200179565491e-81,1.0
1.89613026960338e-79,1.0
2.1214626504702778e-80,1.0
4.581874868414614e-81,1.0
3.431571229831052e-80,1.0
6.003526243863777e-81,1.0
3.0172733701412974e-80,1.0
9.533840079027928e-80,1.0
8.50790964584692e-80,1.0
2.1330598371814334e-81,1.0
1.3034827359063213e-80,1.0
5.2583588658716515e-80,1.0
7.691489586545887e-80,1.0
1.8832057314321143e-80,1.0
3.4545730939328865e-81,1.0
3.6498365874094426e-82,1.0
4.161461774532162e-81,1.0
5.651588471866419e-81,1.0
1.3635079914852125e-82,1.0
3.9332259276908526e-80,1.0
4.5594194141484046e-83,1.0
2.263586452984712e-82,1.0
4.2730244832492996e-82,1.0
3.3732164665394664e-83,1.0
8.113193121902275e-80,1.0
1.5368051245726636e-80,1.0
5.1887080631919625e-82,1.0
2.6919193222954634e-80,1.0
7.645217712874218e-83,1.0
1.1955357977586263e-82,1.0
2.336184126090302e-80,1.0
4.229567293943468e-83,1.0
4.217452180623275e-82,1.0
2.2666097960020307e-82,1.0
3.292062052360895e-81,1.0
2.1165924820954136e-82,1.0
6.1131782396418614e-83,1.0
8.658020386149667e-81,1.0
7.485461997079875e-82,1.0
2.242611894615264e-82,1.0
2.8046499735239513e-82,1.0
1.1769892374554387e-83,1.0
4.2911603499638574e-82,1.0
6.405535566182376e-83,1.0
9.057854001628497e-81,1.0
4.468519632117604e-90,1.0
7.667602514146738e-83,1.0
7.682071832030169e-84,1.0
1.299046059788988e-83,1.0
8.12328210451643e-83,1.0
3.309976824244405e-83,1.0
2.767696671348597e-83,1.0
8.90857899067127e-84,1.0
6.494797852629071e-83,1.0
2.4541200090015842e-85,1.0
4.533946593408111e-84,1.0
5.675832094037505e-82,1.0
8.607519110097839e-85,1.0
5.0174138951618797e-82,1.0
4.291088096187282e-82,1.0
2.2753612418796536e-83,1.0
2.130288991676753e-82,1.0
1.133387054972631e-83,1.0
1.156060086219347e-82,1.0
2.0488768554324516e-83,1.0
1.8800370942759353e-83,1.0
5.244205874606669e-83,1.0
1.4120515285108536e-83,1.0
6.237058222406335e-85,1.0
2.822780080526027e-85,1.0
1.3332394285852158e-84,1.0
3.260620532257684e-85,1.0
1.2748174416231012e-84,1.0
2.5620350635104337e-84,1.0
1.084403080008481e-85,1.0
6.632008833466524e-84,1.0
5.869017451235447e-85,1.0
6.898195678821842e-85,1.0
1.8098047733611684e-86,1.0
3.192449181833601e-84,1.0
1.7779154630078919e-82,1.0
1.2732074596189791e-84,1.0
5.039058570199025e-86,1.0
2.3222391579070757e-85,1.0
9.57723004109469e-85,1.0
2.118759552378738e-87,1.0
1.2998608615868812e-85,1.0
2.0978855765282245e-86,1.0
1.2405047505159645e-83,1.0
5.937018228018025e-88,1.0
3.779885057055584e-86,1.0
8.506101560498477e-86,1.0
2.5283019392821076e-85,1.0
5.232532205406839e-87,1.0
2.2611456773148427e-88,1.0
4.467278935411847e-85,1.0
9.421418082800992e-86,1.0
3.696153029638719e-86,1.0
1.4428642263572734e-84,1.0
9.745557924572647e-86,1.0
1.5114112120446497e-87,1.0
2.246587710850342e-86,1.0
2.5528985267832117e-85,1.0
1.2166126349596153e-87,1.0
8.532187739128231e-84,1.0
4.5909512832825715e-88,1.0
5.426890588044243e-88,1.0
8.297309996708537e-87,1.0
7.423993200886352e-86,1.0
3.1355609862056607e-87,1.0
7.2476130987634e-88,1.0
8.10630634574123e-87,1.0
5.406190661477064e-86,1.0
6.561535075141437e-85,1.0
5.360486811903953e-87,1.0
6.158113743415203e-88,1.0
2.291313701947046e-88,1.0
3.1694820109990374e-88,1.0
5.166820178923773e-88,1.0
1.8764106096831017e-87,1.0
1.1655563701314976e-87,1.0
1.3868746777120388e-86,1.0
1.0027442411852236e-87,1.0
1.044845456889389e-86,1.0
8.205609008551788e-88,1.0
1.3856687958020612e-87,1.0
1.8932697610051443e-87,1.0
4.186612354365618e-88,1.0
1.1251351364443503e-87,1.0
6.675141634696041e-88,1.0
9.340891460194323e-89,1.0
1.1569086286762504e-87,1.0
2.859089567286543e-88,1.0
1.0228843287321843e-88,1.0
6.84832643338091e-89,1.0
1.3071340840713738e-88,1.0
4.8077600766870585e-87,1.0
8.699815069624734e-89,1.0
2.032760012308843e-89,1.0
1.582384801154412e-88,1.0
7.207703578473988e-88,1.0
1.1698253205357174e-88,1.0
2.180924971783856e-89,1.0
1.2408847036878894e-89,1.0
8.391101507195079e-90,1.0
2.0994216156959095e-87,1.0
3.665820006716611e-90,1.0
1.4794529301219328e-89,1.0
3.5351382900803715e-89,1.0
1.1985807992015556e-89,1.0
5.312561802892428e-89,1.0
6.014206924931448e-91,1.0
4.0737547963476625e-88,1.0
4.2515887294380225e-91,1.0
1.3664477230377789e-89,1.0
1.4390477256424156e-89,1.0
9.943362429490027e-90,1.0
1.5162043591293042e-90,1.0
3.294068322369043e-88,1.0
2.6957575717696076e-90,1.0
5.599129011559535e-88,1.0
2.8692950555467336e-89,1.0
5.839153331795607e-89,1.0
1.0989923936643007e-89,1.0
9.628156496785367e-91,1.0
1.6089448970409688e-91,1.0
6.654622571870615e-90,1.0
1.1374910593423407e-91,1.0
1.5857859239676328e-91,1.0
5.112427445024993e-91,1.0
1.9758917672382814e-90,1.0
1.0847579106899155e-91,1.0
1.0236216898356546e-91,1.0
1.0645133235423841e-89,1.0
6.717641581309981e-92,1.0
7.60619678306465e-90,1.0
7.975169384341071e-93,1.0
3.68688618226275e-92,1.0
3.09002487784493e-92,1.0
1.2048534178353007e-89,1.0
3.839640701050243e-91,1.0
1.257671069761446e-92,1.0
2.3075396575311643e-90,1.0
5.572872580579324e-90,1.0
1.1560049077666875e-90,1.0
2.7543686068021004e-92,1.0
8.662846490405467e-93,1.0
5.5055539929827954e-92,1.0
1.1438042757331815e-91,1.0
6.80255418397791e-92,1.0
4.205831647657045e-91,1.0
1.0027558825517489e-91,1.0
1.845024735815437e-91,1.0
4.4579160790015954e-92,1.0
2.9590248416256385e-91,1.0
4.455764408479296e-92,1.0
3.196309939111858e-93,1.0
1.2398834459022808e-92,1.0
5.4657975281557074e-92,1.0
1.5218207771113608e-90,1.0
1.813808938113908e-92,1.0
2.2574322475233825e-91,1.0
2.1053582881516597e-93,1.0
8.632650921918302e-92,1.0
1.7549345574661693e-92,1.0
4.844280014767369e-93,1.0
6.180848936807776e-93,1.0
9.71515814454021e-92,1.0
2.9930359507060593e-93,1.0
1.715122147698245e-92,1.0
6.217950389230499e-92,1.0
3.339292505031549e-93,1.0
4.5834066529442636e-92,1.0
1.5739786413324594e-92,1.0
2.24891152153987e-93,1.0
1.2862445889934752e-94,1.0
6.1579886530852215e-96,1.0
2.004187980428557e-93,1.0
1.2827947844479133e-95,1.0
5.4104928421169554e-93,1.0
2.7995213453966357e-94,1.0
2.839354515628171e-91,1.0
2.5089607859908655e-95,1.0
4.219082809885212e-93,1.0
2.751271504370688e-94,1.0
3.478959441602518e-94,1.0
2.3353557247105238e-94,1.0
8.816160867195196e-95,1.0
5.129327634172608e-93,1.0
5.4178891844995106e-92,1.0
2.9218197310780536e-98,1.0
5.19332066072685e-95,1.0
1.1718010606843682e-103,1.0
4.365578060344946e-96,1.0
1.5799797942066587e-94,1.0
2.496153916452937e-100,1.0
7.12996126002784e-95,1.0
1.517209036080295e-93,1.0
9.702006884945115e-96,1.0
1.7985155697370945e-94,1.0
9.249567817386029e-96,1.0
1.1292544744695812e-95,1.0
1.511388657704388e-93,1.0
2.312985208925e-93,1.0
5.555975618611209e-95,1.0
1.9519727756251594e-97,1.0
9.669342169862066e-96,1.0
1.8591202189092166e-97,1.0
6.844820913809583e-96,1.0
1.3978074107219895e-93,1.0
4.435942210843922e-95,1.0
3.534630091904472e-96,1.0
1.766680578656569e-94,1.0
2.234813078867395e-93,1.0
1.7938344266249952e-96,1.0
2.3892288538812853e-97,1.0
1.028557598030988e-96,1.0
5.303829653135661e-97,1.0
2.6061762734997087e-95,1.0
4.2085290163603064e-97,1.0
1.8601138217696834e-97,1.0
6.665246190276937e-96,1.0
3.6884831298442456e-97,1.0
1.3850545346382736e-94,1.0
2.0205308131279735e-97,1.0
3.085493292478627e-100,1.0
5.973975448169473e-97,1.0
3.7463877937868807e-97,1.0
1.4241193073648308e-96,1.0
6.366855616025636e-97,1.0
4.3419032129342475e-97,1.0
4.2597599432949733e-97,1.0
8.463335109073044e-97,1.0
6.392381138968939e-98,1.0
9.245727589402423e-101,1.0
1.454728589418176e-97,1.0
4.5048143649623503e-98,1.0
5.510737542811148e-98,1.0
9.22094514943382e-98,1.0
4.9924927822164464e-98,1.0
7.895091182669296e-97,1.0
1.7494075742232883e-98,1.0
5.79838843731356e-101,1.0
2.710459057686082e-99,1.0
2.0380061802458142e-97,1.0
1.3772784992757404e-97,1.0
6.4417361303946e-99,1.0
2.799705211974743e-99,1.0
2.635338024430896e-99,1.0
2.4270739522020042e-99,1.0
7.228871468425667e-99,1.0
3.2044251051841028e-99,1.0
7.854621392234843e-99,1.0
3.9987408506637077e-100,1.0
1.2426541824684837e-97,1.0
8.164744731237534e-98,1.0
1.0344255573058133e-98,1.0
2.375958131705161e-100,1.0
2.0234850069370775e-96,1.0
1.5764834232964845e-101,1.0
4.7436056293832624e-99,1.0
1.2465486692027912e-99,1.0
2.2312427649185595e-100,1.0
1.3596410809185172e-98,1.0
4.780718533799955e-100,1.0
5.88919929209787e-101,1.0
3.191206139349719e-99,1.0
5.45658904276353e-98,1.0
2.532694978591586e-100,1.0
1.9398144057528954e-100,1.0
9.605672563508797e-100,1.0
1.1754441888955088e-99,1.0
3.925077722715867e-99,1.0
6.5074888944423344e-99,1.0
5.53681984630736e-101,1.0
1.649285739027284e-102,1.0
1.7664534270552571e-99,1.0
1.139340841926709e-100,1.0
2.3644392660905947e-97,1.0
9.059554246643602e-100,1.0
7.096792436971357e-100,1.0
7.819319343970676e-101,1.0
2.873626251946591e-101,1.0
1.6855257107038833e-100,1.0
1.4011608430112263e-100,1.0
5.511311572547949e-103,1.0
1.8078320734293942e-100,1.0
1.7195734322621763e-102,1.0
1.0659575219041677e-102,1.0
8.683642553949862e-103,1.0
1.992717293215703e-102,1.0
8.307894888869533e-102,1.0
3.3785399492636365e-102,1.0
7.902792948963707e-101,1.0
1.5955509211881524e-101,1.0
5.435949461246054e-102,1.0
8.742794231075032e-102,1.0
3.1159624512054282e-102,1.0
2.991425582620272e-101,1.0
2.9450601325826625e-99,1.0
2.207626225550258e-102,1.0
5.264380314844861e-103,1.0
1.2838132433063439e-104,1.0
1.7795401844220043e-102,1.0
1.1278440579542096e-101,1.0
6.822212282241138e-102,1.0
9.472475273894247e-103,1.0
9.303076021710002e-103,1.0
7.817266317812952e-104,1.0
4.245380846930581e-102,1.0
8.275449004059098e-103,1.0
8.799048769521473e-104,1.0
1.163739780419735e-103,1.0
1.7666925738176396e-103,1.0
2.583644480449897e-103,1.0
4.0666268859192355e-103,1.0
9.480053377276897e-102,1.0
2.4066930473637284e-103,1.0
1.6920592630321912e-103,1.0
1.6975002041947772e-103,1.0
1.0696832530218316e-101,1.0
6.403064442888767e-105,1.0
1.640784589973073e-103,1.0
3.8372556859269446e-103,1.0
1.0699023016254863e-102,1.0
2.4743018267295416e-102,1.0
3.682131595059854e-104,1.0
5.2835869720830715e-105,1.0
1.335350199720725e-103,1.0
2.1075322484430783e-103,1.0
1.95396773704028e-104,1.0
8.71228368417571e-104,1.0
2.1631482738301075e-103,1.0
1.1470835457239015e-104,1.0
2.0641408074203355e-104,1.0
3.951377218001809e-103,1.0
5.267423731623937e-103,1.0
1.0562581566943253e-104,1.0
1.226440578432648e-103,1.0
2.857193066945338e-102,1.0
1.190213451885481e-105,1.0
2.602150326748125e-104,1.0
6.823516252409785e-105,1.0
2.2511451800608217e-104,1.0
6.691792511133808e-103,1.0
1.1566134083600995e-102,1.0
1.8281417078602336e-105,1.0
3.527007827095741e-104,1.0
8.079363989177594e-111,1.0
1.3341186754342737e-106,1.0
1.227457791038771e-105,1.0
9.5903561418261e-106,1.0
1.9760811846005832e-105,1.0
5.0956366990114205e-105,1.0
1.0722829266052943e-104,1.0
1.1676663780320655e-104,1.0
1.0433947122964023e-105,1.0
7.392898722462698e-105,1.0
2.0484726048044568e-106,1.0
4.0372554536718707e-106,1.0
5.833317805877662e-106,1.0
1.381517824518886e-110,1.0
7.393082592439323e-107,1.0
5.64549278221408e-105,1.0
9.0630825584785e-106,1.0
3.343079522271731e-106,1.0
1.1004434359307464e-106,1.0
2.364509311247366e-106,1.0
8.283249544790345e-108,1.0
1.3115857749568964e-106,1.0
1.9096134162490548e-106,1.0
2.1979137999847606e-107,1.0
7.793059936435098e-110,1.0
1.7652427701802447e-104,1.0
5.846884786434523e-107,1.0
1.906362722538121e-107,1.0
7.688271934016958e-107,1.0
2.765148519233024e-107,1.0
1.630374692089839e-106,1.0
3.9042332942403655e-108,1.0
1.9834121085234787e-106,1.0
2.084257703155605e-108,1.0
6.5329239284472794e-108,1.0
2.4938365125783673e-107,1.0
6.219585139649996e-107,1.0
3.937841838842707e-107,1.0
1.033923667306578e-108,1.0
4.685870735632894e-108,1.0
1.436980872351299e-107,1.0
1.9512718605188354e-107,1.0
1.8661319136469714e-108,1.0
9.301668569873862e-108,1.0
9.453909686563998e-110,1.0
1.0517643633462847e-109,1.0
1.1527417023600891e-108,1.0
6.444677946128857e-109,1.0
8.4848336855514e-108,1.0
8.705553863839324e-110,1.0
1.88357984587787e-108,1.0
9.582557499478537e-110,1.0
9.457339704859652e-108,1.0
8.715787064405759e-108,1.0
1.5624533575908552e-108,1.0
1.9204589783797171e-109,1.0
6.015695144254859e-110,1.0
5.8214453232899885e-111,1.0
5.749944439212132e-109,1.0
1.1083295821614653e-108,1.0
2.865898171516153e-112,1.0
1.627035024743555e-107,1.0
2.559799651640012e-110,1.0
5.696707719115355e-109,1.0
1.2130721392872438e-112,1.0
5.589828590562999e-110,1.0
2.0662309901715322e-111,1.0
3.516925102756398e-111,1.0
4.470768273729364e-109,1.0
1.4489118610474656e-110,1.0
1.595435445810088e-111,1.0
1.1953500132653393e-110,1.0
6.4980840872841765e-111,1.0
2.651599424625367e-116,1.0
9.881004297309358e-112,1.0
1.7537884510660548e-111,1.0
3.9496496887432077e-109,1.0
2.1638050394006042e-111,1.0
5.63142571436154e-117,1.0
2.360165978462295e-111,1.0
2.078297605921851e-110,1.0
1.0604224673127312e-110,1.0
8.250987664075071e-112,1.0
4.885943553252158e-111,1.0
4.824467642179654e-110,1.0
1.7328231587752646e-111,1.0
3.8714356694627846e-111,1.0
7.978019369247965e-112,1.0
7.311814476875628e-112,1.0
1.001656233750721e-111,1.0
1.2197880973925284e-113,1.0
2.3156615897692356e-115,1.0
6.006674434569604e-114,1.0
5.54482785014937e-112,1.0
8.381664209138744e-113,1.0
0.9999999999999938,0.9999999997904137
0.9999999999942957,0.9999999999838116
0.9999999999994562,0.9999999980734202
0.9999999999999623,0.9999999929269763
0.9999999999588696,0.9999999999812788
0.9999999999993769,0.9999999985446493
0.9999999999982336,0.9999999996144728
0.9999999999990921,0.9999999789067295
0.9999999999762652,0.9999999997456579
0.999999999996118,0.9999999973551701
0.9999999999996732,0.9999999961414858
0.9999999999941322,0.9999999926266292
0.9999999999956173,0.9999999966190394
0.9999999999835032,0.9999999941226403
0.9999999999948095,0.9999999977740246
0.9999999999513958,0.9999999994099735
0.9999999999562164,0.9999999981300765
0.9999999981511487,0.999999999883322
0.9999999999746232,0.9999999940717039
0.9999999999013214,0.9999999993996875
0.9999999999768117,0.9999999991193882
0.9999999995783959,0.9999999999341891
0.9999999997101243,0.9999999992887558
0.9999999998096523,0.999999993435994
0.9999999998628182,0.9999999806613932
0.9999999998771705,0.9999999988320671
0.9999999998725546,0.9999999992537278
0.9999999998609954,0.9999999949004139
0.9999999999074174,0.9999999986281163
0.9999999999756766,0.99999990868063
0.9999999998631373,0.9999999465892551
0.9999999984096599,0.9999999996994635
0.9999999999266256,0.9999999322137704
0.9999999989267598,0.9999999981982577
0.9999999999810743,0.9999999413650918
0.9999999994674906,0.9999999918302255
0.9999999988127208,0.9999999989886788
0.9999999999248905,0.9999999774197589
0.9999999959946195,0.9999999998989524
0.999999996273772,0.9999999996864466
0.9999997776569144,0.9999999859085247
0.9999999999928544,0.9999965621817609
0.9999999999904603,0.9999987472624544
0.9999999983916044,0.9999999942238844
0.9999999969792204,0.9999999993370872
0.9999999979949412,0.9999998393471938
0.9999999993996354,0.9999997663798905
0.999999999125087,0.999999999091175
0.999999995059397,0.9999999105799819
0.9999999997101465,0.9999999404899618
0.9999999787607616,0.9999999988383661
0.9999999995372635,0.999999761874539
0.9999999969853586,0.9999999559553961
0.9999999619159093,0.9999999937741406
0.9999999749667599,0.9999998733360346
0.9999999946179163,0.9999999889573549
0.9999999976657727,0.999999987680538
0.9999995001990993,0.999999999647188
0.9999999921242192,0.9999999950851224
0.9999993559532727,0.9999999999548568
0.9999999996800302,0.9999999873816009
0.9999999918771544,0.9999999441052645
0.9999999957605288,0.999999859937336
0.9999999919464663,0.999999915848635
0.9999999824534765,0.9999999167637426
0.9999999851852626,0.9999999971445421
0.9999997370501891,0.9999999990912694
0.9999999784458231,0.9999999727842771
0.9999995393186762,0.9999999979055647
0.9999999753001158,0.9999998240881468
0.9999990322081393,0.9999999885194603
0.9999998465695532,0.999999991276206
0.9999999065681039,0.9999999780617914
0.9999999999830138,0.9999998363175259
0.999999786607968,0.9999999700095881
0.9999991079743368,0.9999999992941226
0.99999998671861,0.9999996709719913
0.9999985447149602,0.9999999966702682
0.9999999685125504,0.9999994413884866
0.9999999153655624,0.9999999906768132
0.999999960081581,0.999999746734825
0.9999999990439805,0.9999999947749343
0.9999939724978136,0.9999999571636512
0.9999997423984397,0.9999999871189674
0.9999991326501272,0.9999999988477282
0.9999999676005636,0.9999998357250376
0.9999966072525128,0.9999999973224638
0.9999999976473943,0.9999998312969764
0.9999993875800093,0.9999999931626538
0.9999996903689343,0.9999998918986591
0.9999998215613798,0.999999701598947
0.9999944756149955,0.9999999986371726
0.9999977297126555,0.9999999695188886
0.999999758597835,0.9999999714262281
0.9999992069768092,0.9999998349959632
0.9999997681142521,0.9999999604102887
0.9999900041125602,0.9999996009669543
0.9999999637934947,0.9999996965650605
0.9999853173989136,0.9999999906363547
0.9999996513520387,0.9999998001605301
0.9999749745348457,0.9999999843696885
0.9999712111164887,0.9999999979454228
0.999994375158061,0.9999999949622
0.9999218308542647,0.9999999996163582
0.9999977343520425,0.9999999555065646
0.9999997543659612,0.9999965882054814
0.9999975017194058,0.9999999293190583
0.9999999566786416,0.999999836014839
0.9999869527639772,0.999999979109593
0.9999993458822725,0.9999987785285896
0.9999984885825339,0.9999999638519188
0.9999991978642001,0.9999999021960686
0.9955776697880899,0.9999999999937701
0.9999934285741903,0.9999979630698079
0.9999689034764191,0.9999999983290049
0.9999977466286594,0.9999989611695126
0.9999951515520727,0.9999971618224085
0.9999944709982005,0.9999999474394515
0.9999896140383446,0.9999999554371897
0.99996788513738,0.9999999802050612
0.9999729620284681,0.9999999825004199
0.9999940969185799,0.9999999737770551
0.9951816987146535,0.9999999998851257
0.9999943862345306,0.9999971246564745
0.9993938725735875,0.9999999821058488
0.9999941096064833,0.9999999828898604
0.998924187923387,0.9999999966757529
0.9998694007930105,0.9999999544683279
0.9997006668854648,0.9999995779497526
0.9997977541579818,0.9999973247682309
0.9998758739373401,0.9999909859240128
0.9971279357049821,0.9999999933079033
0.9999972860395431,0.9994091185094132
0.9999935817322287,0.9999878034209733
0.9968825961656669,0.9999999639404622
0.9984889166887805,0.9999999709208496
0.9866380308234727,0.9999999565724716
0.9999999999981561,0.9999999997249784
0.9999999999997198,0.9999999833953515
0.9999999999992648,0.9999999993823334
0.9999999999975071,0.9999999567104695
0.9999999999995741,0.9999997352431996
0.9999999999179641,0.9999999984870547
0.999999999590917,0.9999999998632705
0.9999999999803388,0.9999999948906169
0.9999999987496853,0.9999999999177935
0.9999999998544704,0.9999999913122984
0.999999999919734,0.9999993879764213
0.9999999999270617,0.9999999648278023
0.9999999999826878,0.9999999541129635
0.9999999996128208,0.9999999978935674
0.9999999999782547,0.9999997021357262
0.9999999997559192,0.9999998110900566
0.9999999997527058,0.9999999567334109
0.999999999837623,0.9999986832258634
0.9999999990854738,0.9999977853625347
0.9999999988045924,0.9999998225954337
0.9999999999902245,0.9999991443140622
0.9999999999818063,0.9999896127738944
0.9999999999621989,0.9999843396129233
0.9999999998659412,0.9999951575661714
0.9999999967993212,0.9999999674835232
0.9999999987921031,0.9999815383107471
0.9999999999845346,0.999996081017687
0.999999999950083,0.999998636413282
0.9999999987724217,0.9999990769432177
0.9999999999836275,0.9999951077152635
0.9999997795867137,0.9999999949849767
0.9999999928616612,0.9999999598265606
0.9999999778118964,0.9999999429478595
0.999999994958223,0.9999971169815816
0.9999999996376698,0.9992583235956866
0.9999999996523348,0.99999988608218
0.9999999739282814,0.9999991672054168
0.9999999953756389,0.9999779323369633
0.999999999956503,0.9994539618531029
0.9999999952053427,0.9999998712852706
0.9999999976623848,0.9999856526350908
0.9999999998040203,0.9999980691543391
0.9999999807314258,0.9999995902664367
0.999999964101911,0.9999979988922137
0.9999999992290434,0.9999945150905893
0.9999999999935105,0.9999169523332624
0.9999999999379279,0.9998104701296285
0.9999999999912128,0.9999809436367515
0.9999999999869564,0.999905245083912
0.9999999860638671,0.9996717945393759
0.9999999999895883,0.9979656958763384
0.9999968526709914,0.9999995152994703
0.9999940502979404,0.9999999514678594
0.9999842249459594,0.9965908176461105
0.9999999999961857,0.999999994980159
0.9999999999997942,0.9999999426799278
0.9999999999887088,0.9999999875756737
0.999999999939033,0.9999999077750418
0.9999999995453235,0.9999999454523593
0.9999999999986742,0.9999977454464268
0.9999999998890077,0.9999999637616601
0.9999999999972857,0.9998372885551625
0.9999999984737327,0.9999999679022943
0.9999999999990332,0.9975064167185597
0.9999999987932404,0.9999997648014465
0.9999999989243875,0.9999988162738432
0.9999999999586817,0.9998459382412573
0.9999999999815876,0.999967706186698
0.9999999999999636,0.9979438540825865
0.9999999991588551,0.9999855696285597
0.9999999999248923,0.9988730314441617
0.9999999999980143,0.9994536623280897
0.999999999944829,0.9961610225705674
0.9999999965437272,0.9999996845399803
0.9999999971825937,0.999951450544553
0.9999999811445851,0.9999407847565649
0.9999999959486496,0.9999992609437425
0.9999999867486575,0.9999955668096058
0.9999999978703733,0.9999482729207128
0.9999999996435123,0.9992513750111597
0.9999999997725246,0.9999351725293901
0.9999970058141886,0.9999998136433376
0.99999997590066,0.9999976162488257
0.9999999941518933,0.9997648377055933
0.99999981180896,0.9999982563378534
0.9999998587222738,0.9996211647457522
0.9999995632074126,0.9999269172989084
